电影排名,电影名称,电影评分,标记人数,详情连接,电影海报
['1'],['肖申克的救赎'],9.7,2090560人评价,['https://movie.douban.com/subject/1292052/'],['https://img3.doubanio.com/view/photo/s_ratio_poster/public/p480747492.jpg']
['2'],['霸王别姬'],9.6,1550401人评价,['https://movie.douban.com/subject/1291546/'],['https://img3.doubanio.com/view/photo/s_ratio_poster/public/p2561716440.jpg']
['3'],['阿甘正传'],9.5,1579058人评价,['https://movie.douban.com/subject/1292720/'],['https://img3.doubanio.com/view/photo/s_ratio_poster/public/p2372307693.jpg']
['4'],['这个杀手不太冷'],9.4,1768777人评价,['https://movie.douban.com/subject/1295644/'],['https://img3.doubanio.com/view/photo/s_ratio_poster/public/p511118051.jpg']
['5'],['泰坦尼克号'],9.4,1532631人评价,['https://movie.douban.com/subject/1292722/'],['https://img9.doubanio.com/view/photo/s_ratio_poster/public/p457760035.jpg']
['6'],['美丽人生'],9.5,988307人评价,['https://movie.douban.com/subject/1292063/'],['https://img3.doubanio.com/view/photo/s_ratio_poster/public/p2578474613.jpg']
['7'],['千与千寻'],9.4,1642174人评价,['https://movie.douban.com/subject/1291561/'],['https://img1.doubanio.com/view/photo/s_ratio_poster/public/p2557573348.jpg']
['8'],['辛德勒的名单'],9.5,804080人评价,['https://movie.douban.com/subject/1295124/'],['https://img3.doubanio.com/view/photo/s_ratio_poster/public/p492406163.jpg']
['9'],['盗梦空间'],9.3,1506778人评价,['https://movie.douban.com/subject/3541415/'],['https://img9.doubanio.com/view/photo/s_ratio_poster/public/p513344864.jpg']
['10'],['忠犬八公的故事'],9.4,1049096人评价,['https://movie.douban.com/subject/3011091/'],['https://img1.doubanio.com/view/photo/s_ratio_poster/public/p524964039.jpg']
['11'],['海上钢琴师'],9.3,1256738人评价,['https://movie.douban.com/subject/1292001/'],['https://img9.doubanio.com/view/photo/s_ratio_poster/public/p2574551676.jpg']
['12'],['楚门的世界'],9.3,1130081人评价,['https://movie.douban.com/subject/1292064/'],['https://img3.doubanio.com/view/photo/s_ratio_poster/public/p479682972.jpg']
['13'],['三傻大闹宝莱坞'],9.2,1399207人评价,['https://movie.douban.com/subject/3793023/'],['https://img3.doubanio.com/view/photo/s_ratio_poster/public/p579729551.jpg']
['14'],['机器人总动员'],9.3,991268人评价,['https://movie.douban.com/subject/2131459/'],['https://img3.doubanio.com/view/photo/s_ratio_poster/public/p1461851991.jpg']
['15'],['放牛班的春天'],9.3,973347人评价,['https://movie.douban.com/subject/1291549/'],['https://img3.doubanio.com/view/photo/s_ratio_poster/public/p1910824951.jpg']
['16'],['星际穿越'],9.3,1131374人评价,['https://movie.douban.com/subject/1889243/'],['https://img1.doubanio.com/view/photo/s_ratio_poster/public/p2614988097.jpg']
['17'],['大话西游之大圣娶亲'],9.2,1108827人评价,['https://movie.douban.com/subject/1292213/'],['https://img9.doubanio.com/view/photo/s_ratio_poster/public/p2455050536.jpg']
['18'],['熔炉'],9.3,682686人评价,['https://movie.douban.com/subject/5912992/'],['https://img9.doubanio.com/view/photo/s_ratio_poster/public/p1363250216.jpg']
['19'],['疯狂动物城'],9.2,1330542人评价,['https://movie.douban.com/subject/25662329/'],['https://img1.doubanio.com/view/photo/s_ratio_poster/public/p2614500649.jpg']
['20'],['无间道'],9.2,904051人评价,['https://movie.douban.com/subject/1307914/'],['https://img3.doubanio.com/view/photo/s_ratio_poster/public/p2564556863.jpg']
['21'],['龙猫'],9.2,935219人评价,['https://movie.douban.com/subject/1291560/'],['https://img9.doubanio.com/view/photo/s_ratio_poster/public/p2540924496.jpg']
['22'],['教父'],9.3,683052人评价,['https://movie.douban.com/subject/1291841/'],['https://img9.doubanio.com/view/photo/s_ratio_poster/public/p616779645.jpg']
['23'],['当幸福来敲门'],9.1,1124536人评价,['https://movie.douban.com/subject/1849031/'],['https://img9.doubanio.com/view/photo/s_ratio_poster/public/p2614359276.jpg']
['24'],['怦然心动'],9.1,1305558人评价,['https://movie.douban.com/subject/3319755/'],['https://img1.doubanio.com/view/photo/s_ratio_poster/public/p501177648.jpg']
['25'],['触不可及'],9.2,729558人评价,['https://movie.douban.com/subject/6786002/'],['https://img9.doubanio.com/view/photo/s_ratio_poster/public/p1454261925.jpg']
['26'],['控方证人'],9.6,297988人评价,['https://movie.douban.com/subject/1296141/'],['https://img1.doubanio.com/view/photo/s_ratio_poster/public/p1505392928.jpg']
['27'],['蝙蝠侠：黑暗骑士'],9.2,753597人评价,['https://movie.douban.com/subject/1851857/'],['https://img3.doubanio.com/view/photo/s_ratio_poster/public/p462657443.jpg']
['28'],['活着'],9.2,586347人评价,['https://movie.douban.com/subject/1292365/'],['https://img3.doubanio.com/view/photo/s_ratio_poster/public/p2513253791.jpg']
['29'],['末代皇帝'],9.3,537306人评价,['https://movie.douban.com/subject/1293172/'],['https://img3.doubanio.com/view/photo/s_ratio_poster/public/p452089833.jpg']
['30'],['寻梦环游记'],9.1,1115846人评价,['https://movie.douban.com/subject/20495023/'],['https://img9.doubanio.com/view/photo/s_ratio_poster/public/p2614500706.jpg']
['31'],['乱世佳人'],9.3,502517人评价,['https://movie.douban.com/subject/1300267/'],['https://img3.doubanio.com/view/photo/s_ratio_poster/public/p1963126880.jpg']
['32'],['摔跤吧！爸爸'],9.0,1148272人评价,['https://movie.douban.com/subject/26387939/'],['https://img9.doubanio.com/view/photo/s_ratio_poster/public/p2457983084.jpg']
['33'],['何以为家'],9.1,687510人评价,['https://movie.douban.com/subject/30170448/'],['https://img1.doubanio.com/view/photo/s_ratio_poster/public/p2555295759.jpg']
['34'],['指环王3：王者无敌'],9.2,554396人评价,['https://movie.douban.com/subject/1291552/'],['https://img3.doubanio.com/view/photo/s_ratio_poster/public/p1910825503.jpg']
['35'],['少年派的奇幻漂流'],9.1,1046896人评价,['https://movie.douban.com/subject/1929463/'],['https://img3.doubanio.com/view/photo/s_ratio_poster/public/p1784592701.jpg']
['36'],['飞屋环游记'],9.0,980670人评价,['https://movie.douban.com/subject/2129039/'],['https://img9.doubanio.com/view/photo/s_ratio_poster/public/p485887754.jpg']
['37'],['十二怒汉'],9.4,334775人评价,['https://movie.douban.com/subject/1293182/'],['https://img3.doubanio.com/view/photo/s_ratio_poster/public/p2173577632.jpg']
['38'],['鬼子来了'],9.2,451423人评价,['https://movie.douban.com/subject/1291858/'],['https://img1.doubanio.com/view/photo/s_ratio_poster/public/p2553104888.jpg']
['39'],['素媛'],9.2,458938人评价,['https://movie.douban.com/subject/21937452/'],['https://img9.doubanio.com/view/photo/s_ratio_poster/public/p2118532944.jpg']
['40'],['天空之城'],9.1,621830人评价,['https://movie.douban.com/subject/1291583/'],['https://img1.doubanio.com/view/photo/s_ratio_poster/public/p1446261379.jpg']
['41'],['哈尔的移动城堡'],9.1,717512人评价,['https://movie.douban.com/subject/1308807/'],['https://img3.doubanio.com/view/photo/s_ratio_poster/public/p2174346180.jpg']
['42'],['大话西游之月光宝盒'],9.0,886801人评价,['https://movie.douban.com/subject/1299398/'],['https://img3.doubanio.com/view/photo/s_ratio_poster/public/p2561721372.jpg']
['43'],['天堂电影院'],9.2,483274人评价,['https://movie.douban.com/subject/1291828/'],['https://img1.doubanio.com/view/photo/s_ratio_poster/public/p2559577569.jpg']
['44'],['哈利·波特与魔法石'],9.0,691728人评价,['https://movie.douban.com/subject/1295038/'],['https://img9.doubanio.com/view/photo/s_ratio_poster/public/p2614949805.jpg']
['45'],['罗马假日'],9.0,717663人评价,['https://movie.douban.com/subject/1293839/'],['https://img9.doubanio.com/view/photo/s_ratio_poster/public/p2189265085.jpg']
['46'],['闻香识女人'],9.1,625272人评价,['https://movie.douban.com/subject/1298624/'],['https://img1.doubanio.com/view/photo/s_ratio_poster/public/p2550757929.jpg']
['47'],['辩护人'],9.2,448845人评价,['https://movie.douban.com/subject/21937445/'],['https://img9.doubanio.com/view/photo/s_ratio_poster/public/p2158166535.jpg']
['48'],['我不是药神'],9.0,1534141人评价,['https://movie.douban.com/subject/26752088/'],['https://img9.doubanio.com/view/photo/s_ratio_poster/public/p2561305376.jpg']
['49'],['搏击俱乐部'],9.0,642628人评价,['https://movie.douban.com/subject/1292000/'],['https://img1.doubanio.com/view/photo/s_ratio_poster/public/p1910926158.jpg']
['50'],['死亡诗社'],9.1,509775人评价,['https://movie.douban.com/subject/1291548/'],['https://img3.doubanio.com/view/photo/s_ratio_poster/public/p2575465690.jpg']
['51'],['教父2'],9.2,378584人评价,['https://movie.douban.com/subject/1299131/'],['https://img1.doubanio.com/view/photo/s_ratio_poster/public/p2194138787.jpg']
['52'],['狮子王'],9.0,590509人评价,['https://movie.douban.com/subject/1301753/'],['https://img1.doubanio.com/view/photo/s_ratio_poster/public/p2277799019.jpg']
['53'],['指环王2：双塔奇兵'],9.1,505431人评价,['https://movie.douban.com/subject/1291572/'],['https://img9.doubanio.com/view/photo/s_ratio_poster/public/p909265336.jpg']
['54'],['大闹天宫'],9.3,284322人评价,['https://movie.douban.com/subject/1418019/'],['https://img1.doubanio.com/view/photo/s_ratio_poster/public/p2184505167.jpg']
['55'],['猫鼠游戏'],9.0,594512人评价,['https://movie.douban.com/subject/1305487/'],['https://img3.doubanio.com/view/photo/s_ratio_poster/public/p453924541.jpg']
['56'],['窃听风暴'],9.1,418888人评价,['https://movie.douban.com/subject/1900841/'],['https://img1.doubanio.com/view/photo/s_ratio_poster/public/p1808872109.jpg']
['57'],['指环王1：魔戒再现'],9.0,568745人评价,['https://movie.douban.com/subject/1291571/'],['https://img3.doubanio.com/view/photo/s_ratio_poster/public/p1354436051.jpg']
['58'],['钢琴家'],9.2,381627人评价,['https://movie.douban.com/subject/1296736/'],['https://img3.doubanio.com/view/photo/s_ratio_poster/public/p792376093.jpg']
['59'],['美丽心灵'],9.0,553502人评价,['https://movie.douban.com/subject/1306029/'],['https://img3.doubanio.com/view/photo/s_ratio_poster/public/p1665997400.jpg']
['60'],['两杆大烟枪'],9.1,447826人评价,['https://movie.douban.com/subject/1293350/'],['https://img1.doubanio.com/view/photo/s_ratio_poster/public/p792443418.jpg']
['61'],['黑客帝国'],9.0,571828人评价,['https://movie.douban.com/subject/1291843/'],['https://img1.doubanio.com/view/photo/s_ratio_poster/public/p451926968.jpg']
['62'],['饮食男女'],9.1,416007人评价,['https://movie.douban.com/subject/1291818/'],['https://img3.doubanio.com/view/photo/s_ratio_poster/public/p1910899751.jpg']
['63'],['飞越疯人院'],9.1,437760人评价,['https://movie.douban.com/subject/1292224/'],['https://img1.doubanio.com/view/photo/s_ratio_poster/public/p792238287.jpg']
['64'],['本杰明·巴顿奇事'],8.9,722110人评价,['https://movie.douban.com/subject/1485260/'],['https://img3.doubanio.com/view/photo/s_ratio_poster/public/p2192535722.jpg']
['65'],['V字仇杀队'],8.9,772317人评价,['https://movie.douban.com/subject/1309046/'],['https://img3.doubanio.com/view/photo/s_ratio_poster/public/p1465235231.jpg']
['66'],['让子弹飞'],8.8,1177965人评价,['https://movie.douban.com/subject/3742360/'],['https://img1.doubanio.com/view/photo/s_ratio_poster/public/p1512562287.jpg']
['67'],['看不见的客人'],8.8,856277人评价,['https://movie.douban.com/subject/26580232/'],['https://img9.doubanio.com/view/photo/s_ratio_poster/public/p2498971355.jpg']
['68'],['绿皮书'],8.9,1113971人评价,['https://movie.douban.com/subject/27060077/'],['https://img3.doubanio.com/view/photo/s_ratio_poster/public/p2549177902.jpg']
['69'],['西西里的美丽传说'],8.9,712681人评价,['https://movie.douban.com/subject/1292402/'],['https://img9.doubanio.com/view/photo/s_ratio_poster/public/p2448029416.jpg']
['70'],['小鞋子'],9.2,292868人评价,['https://movie.douban.com/subject/1303021/'],['https://img9.doubanio.com/view/photo/s_ratio_poster/public/p2173580536.jpg']
['71'],['拯救大兵瑞恩'],9.0,468338人评价,['https://movie.douban.com/subject/1292849/'],['https://img9.doubanio.com/view/photo/s_ratio_poster/public/p1014542496.jpg']
['72'],['海豚湾'],9.3,289292人评价,['https://movie.douban.com/subject/3442220/'],['https://img1.doubanio.com/view/photo/s_ratio_poster/public/p2559579779.jpg']
['73'],['海蒂和爷爷'],9.2,290449人评价,['https://movie.douban.com/subject/25958717/'],['https://img9.doubanio.com/view/photo/s_ratio_poster/public/p2554525534.jpg']
['74'],['情书'],8.9,662402人评价,['https://movie.douban.com/subject/1292220/'],['https://img1.doubanio.com/view/photo/s_ratio_poster/public/p449897379.jpg']
['75'],['穿条纹睡衣的男孩'],9.1,362975人评价,['https://movie.douban.com/subject/3008247/'],['https://img3.doubanio.com/view/photo/s_ratio_poster/public/p1473670352.jpg']
['76'],['音乐之声'],9.0,436232人评价,['https://movie.douban.com/subject/1294408/'],['https://img1.doubanio.com/view/photo/s_ratio_poster/public/p453788577.jpg']
['77'],['美国往事'],9.2,306523人评价,['https://movie.douban.com/subject/1292262/'],['https://img1.doubanio.com/view/photo/s_ratio_poster/public/p477229647.jpg']
['78'],['致命魔术'],8.9,620027人评价,['https://movie.douban.com/subject/1780330/'],['https://img9.doubanio.com/view/photo/s_ratio_poster/public/p480383375.jpg']
['79'],['低俗小说'],8.8,610036人评价,['https://movie.douban.com/subject/1291832/'],['https://img3.doubanio.com/view/photo/s_ratio_poster/public/p1910902213.jpg']
['80'],['七宗罪'],8.8,715092人评价,['https://movie.douban.com/subject/1292223/'],['https://img9.doubanio.com/view/photo/s_ratio_poster/public/p2219586434.jpg']
['81'],['沉默的羔羊'],8.8,616419人评价,['https://movie.douban.com/subject/1293544/'],['https://img1.doubanio.com/view/photo/s_ratio_poster/public/p1593414327.jpg']
['82'],['蝴蝶效应'],8.8,680525人评价,['https://movie.douban.com/subject/1292343/'],['https://img1.doubanio.com/view/photo/s_ratio_poster/public/p2209066019.jpg']
['83'],['禁闭岛'],8.8,684752人评价,['https://movie.douban.com/subject/2334904/'],['https://img1.doubanio.com/view/photo/s_ratio_poster/public/p1832875827.jpg']
['84'],['心灵捕手'],8.9,512008人评价,['https://movie.douban.com/subject/1292656/'],['https://img9.doubanio.com/view/photo/s_ratio_poster/public/p480965695.jpg']
['85'],['春光乍泄'],8.9,459537人评价,['https://movie.douban.com/subject/1292679/'],['https://img3.doubanio.com/view/photo/s_ratio_poster/public/p465939041.jpg']
['86'],['布达佩斯大饭店'],8.8,645696人评价,['https://movie.douban.com/subject/11525673/'],['https://img3.doubanio.com/view/photo/s_ratio_poster/public/p2178872593.jpg']
['87'],['被嫌弃的松子的一生'],8.9,547581人评价,['https://movie.douban.com/subject/1787291/'],['https://img9.doubanio.com/view/photo/s_ratio_poster/public/p884763596.jpg']
['88'],['阿凡达'],8.7,970581人评价,['https://movie.douban.com/subject/1652587/'],['https://img1.doubanio.com/view/photo/s_ratio_poster/public/p2180085848.jpg']
['89'],['摩登时代'],9.3,204022人评价,['https://movie.douban.com/subject/1294371/'],['https://img1.doubanio.com/view/photo/s_ratio_poster/public/p2263408369.jpg']
['90'],['剪刀手爱德华'],8.7,820192人评价,['https://movie.douban.com/subject/1292370/'],['https://img1.doubanio.com/view/photo/s_ratio_poster/public/p480956937.jpg']
['91'],['勇敢的心'],8.9,451037人评价,['https://movie.douban.com/subject/1294639/'],['https://img9.doubanio.com/view/photo/s_ratio_poster/public/p2218094815.jpg']
['92'],['喜剧之王'],8.7,686977人评价,['https://movie.douban.com/subject/1302425/'],['https://img1.doubanio.com/view/photo/s_ratio_poster/public/p2579932167.jpg']
['93'],['天使爱美丽'],8.7,781883人评价,['https://movie.douban.com/subject/1292215/'],['https://img3.doubanio.com/view/photo/s_ratio_poster/public/p2447590313.jpg']
['94'],['致命ID'],8.8,576808人评价,['https://movie.douban.com/subject/1297192/'],['https://img9.doubanio.com/view/photo/s_ratio_poster/public/p2558364386.jpg']
['95'],['加勒比海盗'],8.8,645930人评价,['https://movie.douban.com/subject/1298070/'],['https://img9.doubanio.com/view/photo/s_ratio_poster/public/p1596085504.jpg']
['96'],['哈利·波特与死亡圣器(下)'],8.8,547770人评价,['https://movie.douban.com/subject/3011235/'],['https://img3.doubanio.com/view/photo/s_ratio_poster/public/p917846733.jpg']
['97'],['断背山'],8.8,544848人评价,['https://movie.douban.com/subject/1418834/'],['https://img1.doubanio.com/view/photo/s_ratio_poster/public/p2514704949.jpg']
['98'],['杀人回忆'],8.8,479436人评价,['https://movie.douban.com/subject/1300299/'],['https://img3.doubanio.com/view/photo/s_ratio_poster/public/p657823840.jpg']
['99'],['狩猎'],9.1,260747人评价,['https://movie.douban.com/subject/6985810/'],['https://img1.doubanio.com/view/photo/s_ratio_poster/public/p1546987967.jpg']
['100'],['请以你的名字呼唤我'],8.9,467033人评价,['https://movie.douban.com/subject/26799731/'],['https://img3.doubanio.com/view/photo/s_ratio_poster/public/p2505525050.jpg']
['101'],['幽灵公主'],8.9,400657人评价,['https://movie.douban.com/subject/1297359/'],['https://img9.doubanio.com/view/photo/s_ratio_poster/public/p1613191025.jpg']
['102'],['阳光灿烂的日子'],8.8,461894人评价,['https://movie.douban.com/subject/1291875/'],['https://img9.doubanio.com/view/photo/s_ratio_poster/public/p2564685215.jpg']
['103'],['小森林 夏秋篇'],9.0,307000人评价,['https://movie.douban.com/subject/25814705/'],['https://img3.doubanio.com/view/photo/s_ratio_poster/public/p2564498893.jpg']
['104'],['7号房的礼物'],8.9,379815人评价,['https://movie.douban.com/subject/10777687/'],['https://img9.doubanio.com/view/photo/s_ratio_poster/public/p1816276065.jpg']
['105'],['重庆森林'],8.7,582421人评价,['https://movie.douban.com/subject/1291999/'],['https://img3.doubanio.com/view/photo/s_ratio_poster/public/p792381411.jpg']
['106'],['第六感'],8.9,397858人评价,['https://movie.douban.com/subject/1297630/'],['https://img9.doubanio.com/view/photo/s_ratio_poster/public/p2220184425.jpg']
['107'],['入殓师'],8.8,454138人评价,['https://movie.douban.com/subject/2149806/'],['https://img1.doubanio.com/view/photo/s_ratio_poster/public/p1583839859.jpg']
['108'],['红辣椒'],9.0,285329人评价,['https://movie.douban.com/subject/1865703/'],['https://img3.doubanio.com/view/photo/s_ratio_poster/public/p456825720.jpg']
['109'],['小森林 冬春篇'],9.0,271213人评价,['https://movie.douban.com/subject/25814707/'],['https://img3.doubanio.com/view/photo/s_ratio_poster/public/p2258078370.jpg']
['110'],['消失的爱人'],8.7,654847人评价,['https://movie.douban.com/subject/21318488/'],['https://img9.doubanio.com/view/photo/s_ratio_poster/public/p2221768894.jpg']
['111'],['爱在黎明破晓前'],8.8,435704人评价,['https://movie.douban.com/subject/1296339/'],['https://img9.doubanio.com/view/photo/s_ratio_poster/public/p2555762374.jpg']
['112'],['一一'],9.0,258891人评价,['https://movie.douban.com/subject/1292434/'],['https://img3.doubanio.com/view/photo/s_ratio_poster/public/p2567845803.jpg']
['113'],['侧耳倾听'],8.9,335273人评价,['https://movie.douban.com/subject/1297052/'],['https://img3.doubanio.com/view/photo/s_ratio_poster/public/p456692072.jpg']
['114'],['唐伯虎点秋香'],8.6,745745人评价,['https://movie.douban.com/subject/1306249/'],['https://img9.doubanio.com/view/photo/s_ratio_poster/public/p2357915564.jpg']
['115'],['超脱'],8.9,340570人评价,['https://movie.douban.com/subject/5322596/'],['https://img3.doubanio.com/view/photo/s_ratio_poster/public/p1305562621.jpg']
['116'],['倩女幽魂'],8.7,527749人评价,['https://movie.douban.com/subject/1297447/'],['https://img9.doubanio.com/view/photo/s_ratio_poster/public/p2414157745.jpg']
['117'],['蝙蝠侠：黑暗骑士崛起'],8.8,520150人评价,['https://movie.douban.com/subject/3395373/'],['https://img9.doubanio.com/view/photo/s_ratio_poster/public/p1706428744.jpg']
['118'],['玛丽和马克思'],8.9,337013人评价,['https://movie.douban.com/subject/3072124/'],['https://img9.doubanio.com/view/photo/s_ratio_poster/public/p2162822165.jpg']
['119'],['告白'],8.7,543716人评价,['https://movie.douban.com/subject/4268598/'],['https://img9.doubanio.com/view/photo/s_ratio_poster/public/p689520756.jpg']
['120'],['甜蜜蜜'],8.8,380485人评价,['https://movie.douban.com/subject/1305164/'],['https://img9.doubanio.com/view/photo/s_ratio_poster/public/p2223011274.jpg']
['121'],['无人知晓'],9.1,200915人评价,['https://movie.douban.com/subject/1292337/'],['https://img3.doubanio.com/view/photo/s_ratio_poster/public/p661160053.jpg']
['122'],['大鱼'],8.8,428766人评价,['https://movie.douban.com/subject/1291545/'],['https://img9.doubanio.com/view/photo/s_ratio_poster/public/p692813374.jpg']
['123'],['阳光姐妹淘'],8.8,464364人评价,['https://movie.douban.com/subject/4917726/'],['https://img1.doubanio.com/view/photo/s_ratio_poster/public/p1374786017.jpg']
['124'],['萤火之森'],8.9,363353人评价,['https://movie.douban.com/subject/5989818/'],['https://img3.doubanio.com/view/photo/s_ratio_poster/public/p1675053073.jpg']
['125'],['超能陆战队'],8.7,723221人评价,['https://movie.douban.com/subject/11026735/'],['https://img3.doubanio.com/view/photo/s_ratio_poster/public/p2614500883.jpg']
['126'],['驯龙高手'],8.7,557927人评价,['https://movie.douban.com/subject/2353023/'],['https://img9.doubanio.com/view/photo/s_ratio_poster/public/p2210954024.jpg']
['127'],['射雕英雄传之东成西就'],8.7,477654人评价,['https://movie.douban.com/subject/1316510/'],['https://img9.doubanio.com/view/photo/s_ratio_poster/public/p2609063925.jpg']
['128'],['借东西的小人阿莉埃蒂'],8.8,395428人评价,['https://movie.douban.com/subject/4202302/'],['https://img9.doubanio.com/view/photo/s_ratio_poster/public/p617533616.jpg']
['129'],['幸福终点站'],8.8,396241人评价,['https://movie.douban.com/subject/1292274/'],['https://img1.doubanio.com/view/photo/s_ratio_poster/public/p854757687.jpg']
['130'],['菊次郎的夏天'],8.8,375932人评价,['https://movie.douban.com/subject/1293359/'],['https://img9.doubanio.com/view/photo/s_ratio_poster/public/p751835224.jpg']
['131'],['爱在日落黄昏时'],8.8,368612人评价,['https://movie.douban.com/subject/1291990/'],['https://img1.doubanio.com/view/photo/s_ratio_poster/public/p2561542458.jpg']
['132'],['恐怖直播'],8.8,461784人评价,['https://movie.douban.com/subject/21360417/'],['https://img9.doubanio.com/view/photo/s_ratio_poster/public/p2016930906.jpg']
['133'],['完美的世界'],9.1,188126人评价,['https://movie.douban.com/subject/1300992/'],['https://img1.doubanio.com/view/photo/s_ratio_poster/public/p2190556408.jpg']
['134'],['功夫'],8.6,696686人评价,['https://movie.douban.com/subject/1291543/'],['https://img1.doubanio.com/view/photo/s_ratio_poster/public/p2219011938.jpg']
['135'],['人生果实'],9.5,101830人评价,['https://movie.douban.com/subject/26874505/'],['https://img3.doubanio.com/view/photo/s_ratio_poster/public/p2544912792.jpg']
['136'],['神偷奶爸'],8.6,719030人评价,['https://movie.douban.com/subject/3287562/'],['https://img1.doubanio.com/view/photo/s_ratio_poster/public/p792776858.jpg']
['137'],['怪兽电力公司'],8.7,471424人评价,['https://movie.douban.com/subject/1291579/'],['https://img1.doubanio.com/view/photo/s_ratio_poster/public/p2513247938.jpg']
['138'],['玩具总动员3'],8.8,365337人评价,['https://movie.douban.com/subject/1858711/'],['https://img1.doubanio.com/view/photo/s_ratio_poster/public/p1283675359.jpg']
['139'],['傲慢与偏见'],8.6,559884人评价,['https://movie.douban.com/subject/1418200/'],['https://img1.doubanio.com/view/photo/s_ratio_poster/public/p2016401659.jpg']
['140'],['血战钢锯岭'],8.7,588110人评价,['https://movie.douban.com/subject/26325320/'],['https://img1.doubanio.com/view/photo/s_ratio_poster/public/p2398141939.jpg']
['141'],['天书奇谭'],9.2,153388人评价,['https://movie.douban.com/subject/1428581/'],['https://img1.doubanio.com/view/photo/s_ratio_poster/public/p2515539487.jpg']
['142'],['风之谷'],8.9,285018人评价,['https://movie.douban.com/subject/1291585/'],['https://img3.doubanio.com/view/photo/s_ratio_poster/public/p1917567652.jpg']
['143'],['教父3'],8.9,252647人评价,['https://movie.douban.com/subject/1294240/'],['https://img3.doubanio.com/view/photo/s_ratio_poster/public/p2169664351.jpg']
['144'],['时空恋旅人'],8.7,403305人评价,['https://movie.douban.com/subject/10577869/'],['https://img9.doubanio.com/view/photo/s_ratio_poster/public/p2070153774.jpg']
['145'],['上帝之城'],8.9,233752人评价,['https://movie.douban.com/subject/1292208/'],['https://img3.doubanio.com/view/photo/s_ratio_poster/public/p455677490.jpg']
['146'],['电锯惊魂'],8.7,366424人评价,['https://movie.douban.com/subject/1417598/'],['https://img1.doubanio.com/view/photo/s_ratio_poster/public/p1421159978.jpg']
['147'],['被解救的姜戈'],8.7,445906人评价,['https://movie.douban.com/subject/6307447/'],['https://img1.doubanio.com/view/photo/s_ratio_poster/public/p1959232369.jpg']
['148'],['喜宴'],8.9,244845人评价,['https://movie.douban.com/subject/1303037/'],['https://img9.doubanio.com/view/photo/s_ratio_poster/public/p2173713676.jpg']
['149'],['哪吒闹海'],9.1,179863人评价,['https://movie.douban.com/subject/1307315/'],['https://img3.doubanio.com/view/photo/s_ratio_poster/public/p2516566783.jpg']
['150'],['釜山行'],8.5,831180人评价,['https://movie.douban.com/subject/25986180/'],['https://img1.doubanio.com/view/photo/s_ratio_poster/public/p2360940399.jpg']
['151'],['七武士'],9.2,137357人评价,['https://movie.douban.com/subject/1295399/'],['https://img9.doubanio.com/view/photo/s_ratio_poster/public/p2215886505.jpg']
['152'],['英雄本色'],8.7,368044人评价,['https://movie.douban.com/subject/1297574/'],['https://img1.doubanio.com/view/photo/s_ratio_poster/public/p2504997087.jpg']
['153'],['谍影重重3'],8.8,314179人评价,['https://movie.douban.com/subject/1578507/'],['https://img1.doubanio.com/view/photo/s_ratio_poster/public/p792223507.jpg']
['154'],['我是山姆'],8.9,221310人评价,['https://movie.douban.com/subject/1306861/'],['https://img9.doubanio.com/view/photo/s_ratio_poster/public/p652417775.jpg']
['155'],['岁月神偷'],8.7,465367人评价,['https://movie.douban.com/subject/3792799/'],['https://img9.doubanio.com/view/photo/s_ratio_poster/public/p659427316.jpg']
['156'],['哈利·波特与阿兹卡班的囚徒'],8.7,409589人评价,['https://movie.douban.com/subject/1291544/'],['https://img1.doubanio.com/view/photo/s_ratio_poster/public/p1910812549.jpg']
['157'],['头号玩家'],8.7,1033324人评价,['https://movie.douban.com/subject/4920389/'],['https://img1.doubanio.com/view/photo/s_ratio_poster/public/p2516578307.jpg']
['158'],['纵横四海'],8.8,296693人评价,['https://movie.douban.com/subject/1295409/'],['https://img1.doubanio.com/view/photo/s_ratio_poster/public/p2597918718.jpg']
['159'],['疯狂原始人'],8.7,631040人评价,['https://movie.douban.com/subject/1907966/'],['https://img1.doubanio.com/view/photo/s_ratio_poster/public/p1867084027.jpg']
['160'],['三块广告牌'],8.7,615922人评价,['https://movie.douban.com/subject/26611804/'],['https://img1.doubanio.com/view/photo/s_ratio_poster/public/p2510081688.jpg']
['161'],['心迷宫'],8.7,359053人评价,['https://movie.douban.com/subject/25917973/'],['https://img9.doubanio.com/view/photo/s_ratio_poster/public/p2276780256.jpg']
['162'],['一个叫欧维的男人决定去死'],8.8,279797人评价,['https://movie.douban.com/subject/26628357/'],['https://img3.doubanio.com/view/photo/s_ratio_poster/public/p2406624993.jpg']
['163'],['达拉斯买家俱乐部'],8.8,329742人评价,['https://movie.douban.com/subject/1793929/'],['https://img1.doubanio.com/view/photo/s_ratio_poster/public/p2166160837.jpg']
['164'],['卢旺达饭店'],8.9,216359人评价,['https://movie.douban.com/subject/1291822/'],['https://img3.doubanio.com/view/photo/s_ratio_poster/public/p470419493.jpg']
['165'],['萤火虫之墓'],8.7,325623人评价,['https://movie.douban.com/subject/1293318/'],['https://img1.doubanio.com/view/photo/s_ratio_poster/public/p1157334208.jpg']
['166'],['荒蛮故事'],8.8,306479人评价,['https://movie.douban.com/subject/24750126/'],['https://img3.doubanio.com/view/photo/s_ratio_poster/public/p2584519452.jpg']
['167'],['你的名字。'],8.4,1009234人评价,['https://movie.douban.com/subject/26683290/'],['https://img1.doubanio.com/view/photo/s_ratio_poster/public/p2395733377.jpg']
['168'],['真爱至上'],8.6,531788人评价,['https://movie.douban.com/subject/1292401/'],['https://img3.doubanio.com/view/photo/s_ratio_poster/public/p475600770.jpg']
['169'],['贫民窟的百万富翁'],8.6,580455人评价,['https://movie.douban.com/subject/2209573/'],['https://img3.doubanio.com/view/photo/s_ratio_poster/public/p2434249040.jpg']
['170'],['花样年华'],8.7,417420人评价,['https://movie.douban.com/subject/1291557/'],['https://img9.doubanio.com/view/photo/s_ratio_poster/public/p1910828286.jpg']
['171'],['记忆碎片'],8.6,448714人评价,['https://movie.douban.com/subject/1304447/'],['https://img3.doubanio.com/view/photo/s_ratio_poster/public/p641688453.jpg']
['172'],['东邪西毒'],8.6,442782人评价,['https://movie.douban.com/subject/1292328/'],['https://img3.doubanio.com/view/photo/s_ratio_poster/public/p1982176012.jpg']
['173'],['爆裂鼓手'],8.7,407442人评价,['https://movie.douban.com/subject/25773932/'],['https://img3.doubanio.com/view/photo/s_ratio_poster/public/p2220776342.jpg']
['174'],['哈利·波特与密室'],8.6,428673人评价,['https://movie.douban.com/subject/1296996/'],['https://img3.doubanio.com/view/photo/s_ratio_poster/public/p1082651990.jpg']
['175'],['黑天鹅'],8.6,641810人评价,['https://movie.douban.com/subject/1978709/'],['https://img9.doubanio.com/view/photo/s_ratio_poster/public/p2549648344.jpg']
['176'],['黑客帝国3：矩阵革命'],8.8,305928人评价,['https://movie.douban.com/subject/1302467/'],['https://img1.doubanio.com/view/photo/s_ratio_poster/public/p2220873438.jpg']
['177'],['忠犬八公物语'],9.2,135489人评价,['https://movie.douban.com/subject/1959195/'],['https://img3.doubanio.com/view/photo/s_ratio_poster/public/p1576418852.jpg']
['178'],['模仿游戏'],8.7,442424人评价,['https://movie.douban.com/subject/10463953/'],['https://img3.doubanio.com/view/photo/s_ratio_poster/public/p2255040492.jpg']
['179'],['头脑特工队'],8.7,426671人评价,['https://movie.douban.com/subject/10533913/'],['https://img9.doubanio.com/view/photo/s_ratio_poster/public/p2266293606.jpg']
['180'],['新世界'],8.8,242760人评价,['https://movie.douban.com/subject/10437779/'],['https://img1.doubanio.com/view/photo/s_ratio_poster/public/p1903379979.jpg']
['181'],['未麻的部屋'],8.9,192730人评价,['https://movie.douban.com/subject/1395091/'],['https://img3.doubanio.com/view/photo/s_ratio_poster/public/p1351050722.jpg']
['182'],['你看起来好像很好吃'],8.9,252217人评价,['https://movie.douban.com/subject/4848115/'],['https://img3.doubanio.com/view/photo/s_ratio_poster/public/p709670262.jpg']
['183'],['雨人'],8.7,313907人评价,['https://movie.douban.com/subject/1291870/'],['https://img3.doubanio.com/view/photo/s_ratio_poster/public/p2353324612.jpg']
['184'],['无敌破坏王'],8.7,389643人评价,['https://movie.douban.com/subject/6534248/'],['https://img9.doubanio.com/view/photo/s_ratio_poster/public/p1735642656.jpg']
['185'],['海街日记'],8.8,290504人评价,['https://movie.douban.com/subject/25895901/'],['https://img3.doubanio.com/view/photo/s_ratio_poster/public/p2242546753.jpg']
['186'],['冰川时代'],8.6,466031人评价,['https://movie.douban.com/subject/1291578/'],['https://img1.doubanio.com/view/photo/s_ratio_poster/public/p1910895719.jpg']
['187'],['恋恋笔记本'],8.5,485497人评价,['https://movie.douban.com/subject/1309163/'],['https://img9.doubanio.com/view/photo/s_ratio_poster/public/p483604864.jpg']
['188'],['惊魂记'],9.0,171267人评价,['https://movie.douban.com/subject/1293181/'],['https://img9.doubanio.com/view/photo/s_ratio_poster/public/p1021883305.jpg']
['189'],['二十二'],8.7,217933人评价,['https://movie.douban.com/subject/26430107/'],['https://img1.doubanio.com/view/photo/s_ratio_poster/public/p2457609817.jpg']
['190'],['海边的曼彻斯特'],8.6,359785人评价,['https://movie.douban.com/subject/25980443/'],['https://img9.doubanio.com/view/photo/s_ratio_poster/public/p2421855655.jpg']
['191'],['恐怖游轮'],8.5,579157人评价,['https://movie.douban.com/subject/3011051/'],['https://img9.doubanio.com/view/photo/s_ratio_poster/public/p462470694.jpg']
['192'],['房间'],8.8,293176人评价,['https://movie.douban.com/subject/25724855/'],['https://img9.doubanio.com/view/photo/s_ratio_poster/public/p2259715855.jpg']
['193'],['奇迹男孩'],8.6,424772人评价,['https://movie.douban.com/subject/26787574/'],['https://img1.doubanio.com/view/photo/s_ratio_poster/public/p2507709428.jpg']
['194'],['虎口脱险'],8.9,173604人评价,['https://movie.douban.com/subject/1296909/'],['https://img3.doubanio.com/view/photo/s_ratio_poster/public/p2399597512.jpg']
['195'],['魔女宅急便'],8.6,342003人评价,['https://movie.douban.com/subject/1307811/'],['https://img3.doubanio.com/view/photo/s_ratio_poster/public/p456676352.jpg']
['196'],['雨中曲'],9.0,151728人评价,['https://movie.douban.com/subject/1293460/'],['https://img9.doubanio.com/view/photo/s_ratio_poster/public/p1612355875.jpg']
['197'],['小偷家族'],8.7,599660人评价,['https://movie.douban.com/subject/27622447/'],['https://img9.doubanio.com/view/photo/s_ratio_poster/public/p2530599636.jpg']
['198'],['疯狂的石头'],8.5,586268人评价,['https://movie.douban.com/subject/1862151/'],['https://img3.doubanio.com/view/photo/s_ratio_poster/public/p712241453.jpg']
['199'],['绿里奇迹'],8.8,205607人评价,['https://movie.douban.com/subject/1300374/'],['https://img3.doubanio.com/view/photo/s_ratio_poster/public/p767586451.jpg']
['200'],['人工智能'],8.6,322254人评价,['https://movie.douban.com/subject/1302827/'],['https://img1.doubanio.com/view/photo/s_ratio_poster/public/p792257137.jpg']
['201'],['爱在午夜降临前'],8.8,237911人评价,['https://movie.douban.com/subject/10808442/'],['https://img1.doubanio.com/view/photo/s_ratio_poster/public/p2074715729.jpg']
['202'],['罗生门'],8.8,223773人评价,['https://movie.douban.com/subject/1291879/'],['https://img1.doubanio.com/view/photo/s_ratio_poster/public/p2564689879.jpg']
['203'],['终结者2：审判日'],8.7,258009人评价,['https://movie.douban.com/subject/1291844/'],['https://img9.doubanio.com/view/photo/s_ratio_poster/public/p1910909085.jpg']
['204'],['初恋这件小事'],8.4,775175人评价,['https://movie.douban.com/subject/4739952/'],['https://img1.doubanio.com/view/photo/s_ratio_poster/public/p767451487.jpg']
['205'],['海洋'],9.1,131678人评价,['https://movie.douban.com/subject/3443389/'],['https://img1.doubanio.com/view/photo/s_ratio_poster/public/p2173334947.jpg']
['206'],['魂断蓝桥'],8.8,204023人评价,['https://movie.douban.com/subject/1293964/'],['https://img1.doubanio.com/view/photo/s_ratio_poster/public/p2351134499.jpg']
['207'],['可可西里'],8.8,213692人评价,['https://movie.douban.com/subject/1308857/'],['https://img3.doubanio.com/view/photo/s_ratio_poster/public/p2414771522.jpg']
['208'],['2001太空漫游'],8.8,206203人评价,['https://movie.douban.com/subject/1292226/'],['https://img9.doubanio.com/view/photo/s_ratio_poster/public/p2560717825.jpg']
['209'],['燃情岁月'],8.8,218055人评价,['https://movie.douban.com/subject/1295865/'],['https://img1.doubanio.com/view/photo/s_ratio_poster/public/p1023654037.jpg']
['210'],['城市之光'],9.3,92161人评价,['https://movie.douban.com/subject/1293908/'],['https://img1.doubanio.com/view/photo/s_ratio_poster/public/p2170238828.jpg']
['211'],['穿越时空的少女'],8.6,300506人评价,['https://movie.douban.com/subject/1937946/'],['https://img9.doubanio.com/view/photo/s_ratio_poster/public/p2079334286.jpg']
['212'],['牯岭街少年杀人事件'],8.8,188319人评价,['https://movie.douban.com/subject/1292329/'],['https://img9.doubanio.com/view/photo/s_ratio_poster/public/p848381236.jpg']
['213'],['色，戒'],8.5,496941人评价,['https://movie.douban.com/subject/1828115/'],['https://img9.doubanio.com/view/photo/s_ratio_poster/public/p453716305.jpg']
['214'],['新龙门客栈'],8.6,324151人评价,['https://movie.douban.com/subject/1292287/'],['https://img1.doubanio.com/view/photo/s_ratio_poster/public/p1421018669.jpg']
['215'],['无耻混蛋'],8.6,358564人评价,['https://movie.douban.com/subject/1438652/'],['https://img1.doubanio.com/view/photo/s_ratio_poster/public/p2575043939.jpg']
['216'],['青蛇'],8.5,376989人评价,['https://movie.douban.com/subject/1303394/'],['https://img9.doubanio.com/view/photo/s_ratio_poster/public/p584021784.jpg']
['217'],['源代码'],8.4,614938人评价,['https://movie.douban.com/subject/3075287/'],['https://img9.doubanio.com/view/photo/s_ratio_poster/public/p988260245.jpg']
['218'],['完美陌生人'],8.5,408996人评价,['https://movie.douban.com/subject/26614893/'],['https://img9.doubanio.com/view/photo/s_ratio_poster/public/p2522331945.jpg']
['219'],['阿飞正传'],8.5,366686人评价,['https://movie.douban.com/subject/1305690/'],['https://img3.doubanio.com/view/photo/s_ratio_poster/public/p2525770523.jpg']
['220'],['遗愿清单'],8.6,274741人评价,['https://movie.douban.com/subject/1867345/'],['https://img3.doubanio.com/view/photo/s_ratio_poster/public/p1208653481.jpg']
['221'],['血钻'],8.7,261026人评价,['https://movie.douban.com/subject/1428175/'],['https://img3.doubanio.com/view/photo/s_ratio_poster/public/p1244017073.jpg']
['222'],['大佛普拉斯'],8.7,282184人评价,['https://movie.douban.com/subject/27059130/'],['https://img3.doubanio.com/view/photo/s_ratio_poster/public/p2505928032.jpg']
['223'],['谍影重重2'],8.7,264920人评价,['https://movie.douban.com/subject/1308767/'],['https://img9.doubanio.com/view/photo/s_ratio_poster/public/p667644866.jpg']
['224'],['香水'],8.5,427024人评价,['https://movie.douban.com/subject/1760622/'],['https://img9.doubanio.com/view/photo/s_ratio_poster/public/p2441127736.jpg']
['225'],['地球上的星星'],8.9,153370人评价,['https://movie.douban.com/subject/2363506/'],['https://img9.doubanio.com/view/photo/s_ratio_poster/public/p1973489335.jpg']
['226'],['战争之王'],8.6,265427人评价,['https://movie.douban.com/subject/1419936/'],['https://img3.doubanio.com/view/photo/s_ratio_poster/public/p792282381.jpg']
['227'],['谍影重重'],8.6,316473人评价,['https://movie.douban.com/subject/1304102/'],['https://img3.doubanio.com/view/photo/s_ratio_poster/public/p1597183981.jpg']
['228'],['疯狂的麦克斯4：狂暴之路'],8.6,376691人评价,['https://movie.douban.com/subject/3592854/'],['https://img3.doubanio.com/view/photo/s_ratio_poster/public/p2236181653.jpg']
['229'],['九品芝麻官'],8.5,399580人评价,['https://movie.douban.com/subject/1297518/'],['https://img3.doubanio.com/view/photo/s_ratio_poster/public/p648370300.jpg']
['230'],['步履不停'],8.8,186841人评价,['https://movie.douban.com/subject/2222996/'],['https://img9.doubanio.com/view/photo/s_ratio_poster/public/p926535516.jpg']
['231'],['彗星来的那一夜'],8.5,370456人评价,['https://movie.douban.com/subject/25807345/'],['https://img9.doubanio.com/view/photo/s_ratio_poster/public/p2187896734.jpg']
['232'],['猜火车'],8.5,342539人评价,['https://movie.douban.com/subject/1292528/'],['https://img1.doubanio.com/view/photo/s_ratio_poster/public/p513567548.jpg']
['233'],['哈利·波特与火焰杯'],8.5,364876人评价,['https://movie.douban.com/subject/1309055/'],['https://img1.doubanio.com/view/photo/s_ratio_poster/public/p2220723219.jpg']
['234'],['朗读者'],8.6,373886人评价,['https://movie.douban.com/subject/2213597/'],['https://img1.doubanio.com/view/photo/s_ratio_poster/public/p1140984198.jpg']
['235'],['浪潮'],8.7,207022人评价,['https://movie.douban.com/subject/2297265/'],['https://img3.doubanio.com/view/photo/s_ratio_poster/public/p1344888983.jpg']
['236'],['小萝莉的猴神大叔'],8.4,363942人评价,['https://movie.douban.com/subject/26393561/'],['https://img9.doubanio.com/view/photo/s_ratio_poster/public/p2510956726.jpg']
['237'],['再次出发之纽约遇见你'],8.6,310694人评价,['https://movie.douban.com/subject/6874403/'],['https://img3.doubanio.com/view/photo/s_ratio_poster/public/p2250287733.jpg']
['238'],['东京物语'],9.2,93602人评价,['https://movie.douban.com/subject/1291568/'],['https://img9.doubanio.com/view/photo/s_ratio_poster/public/p1925331564.jpg']
['239'],['驴得水'],8.3,677212人评价,['https://movie.douban.com/subject/25921812/'],['https://img3.doubanio.com/view/photo/s_ratio_poster/public/p2393044761.jpg']
['240'],['聚焦'],8.8,212540人评价,['https://movie.douban.com/subject/25954475/'],['https://img1.doubanio.com/view/photo/s_ratio_poster/public/p2263822658.jpg']
['241'],['波西米亚狂想曲'],8.7,419685人评价,['https://movie.douban.com/subject/5300054/'],['https://img3.doubanio.com/view/photo/s_ratio_poster/public/p2549558913.jpg']
['242'],['追随'],8.9,134735人评价,['https://movie.douban.com/subject/1397546/'],['https://img3.doubanio.com/view/photo/s_ratio_poster/public/p2561545031.jpg']
['243'],['千钧一发'],8.8,179693人评价,['https://movie.douban.com/subject/1300117/'],['https://img9.doubanio.com/view/photo/s_ratio_poster/public/p2195672555.jpg']
['244'],['我爱你'],9.0,113192人评价,['https://movie.douban.com/subject/5908478/'],['https://img1.doubanio.com/view/photo/s_ratio_poster/public/p1075591188.jpg']
['245'],['一次别离'],8.7,199478人评价,['https://movie.douban.com/subject/5964718/'],['https://img9.doubanio.com/view/photo/s_ratio_poster/public/p2189835254.jpg']
['246'],['黑鹰坠落'],8.7,214356人评价,['https://movie.douban.com/subject/1291824/'],['https://img3.doubanio.com/view/photo/s_ratio_poster/public/p1910900710.jpg']
['247'],['四个春天'],8.9,121495人评价,['https://movie.douban.com/subject/27191492/'],['https://img1.doubanio.com/view/photo/s_ratio_poster/public/p2540578887.jpg']
['248'],['网络谜踪'],8.6,389976人评价,['https://movie.douban.com/subject/27615441/'],['https://img1.doubanio.com/view/photo/s_ratio_poster/public/p2542848758.jpg']
['249'],['黑客帝国2：重装上阵'],8.6,263814人评价,['https://movie.douban.com/subject/1304141/'],['https://img3.doubanio.com/view/photo/s_ratio_poster/public/p443461390.jpg']
['250'],['发条橙'],8.6,284885人评价,['https://movie.douban.com/subject/1292233/'],['https://img9.doubanio.com/view/photo/s_ratio_poster/public/p529908155.jpg']
